Single Letter,Amino Acid,Codon,Value 1,Value 2,Ratio
A,Ala,GCA,82,13.41,0.2
A,Ala,GCC,175,28.62,0.426845638
A,Ala,GCG,93,15.21,0.226845638
A,Ala,GCT,60,9.81,0.146308725
R,Arg,AGA,76,12.43,0.280397022
R,Arg,AGG,31,5.07,0.114369501
R,Arg,CGA,19,3.11,0.070155651
R,Arg,CGC,55,9,0.203022784
R,Arg,CGG,50,8.18,0.184525152
R,Arg,CGT,40,6.54,0.147529889
N,Asn,AAC,219,35.82,0.595115468
N,Asn,AAT,149,24.37,0.404884532
D,Asp,GAC,263,43.02,0.757928118
D,Asp,GAT,84,13.74,0.242071882
C,Cys,TGC,76,12.43,0.752421308
C,Cys,TGT,25,4.09,0.247578692
X,Term1,TAA,8,1.31,0.668367347
X,Term1,TAG,0,0,0
X,Term1,TGA,4,0.65,0.331632653
*,Term2,TAA,8,1.31,0.668367347
*,Term2,TAG,0,0,0
*,Term2,TGA,4,0.65,0.331632653
Q,Gln,CAA,80,13.08,0.237343495
Q,Gln,CAG,257,42.03,0.762656505
E,Glu,GAA,112,18.32,0.331403763
E,Glu,GAG,226,36.96,0.668596237
G,Gly,GGA,150,24.53,0.39160281
G,Gly,GGC,90,14.72,0.234993614
G,Gly,GGG,112,18.32,0.292464879
G,Gly,GGT,31,5.07,0.080938697
H,His,CAC,98,16.03,0.685335614
H,His,CAT,45,7.36,0.314664386
I,Ile,ATA,25,4.09,0.091253905
I,Ile,ATC,123,20.12,0.448906738
I,Ile,ATT,126,20.61,0.459839357
L,Leu,CTA,9,1.47,0.024094411
L,Leu,CTC,115,18.81,0.308310113
L,Leu,CTG,142,23.23,0.380757253
L,Leu,CTT,37,6.05,0.099164071
L,Leu,TTA,8,1.31,0.02147189
L,Leu,TTG,62,10.14,0.166202262
K,Lys,AAA,148,24.21,0.387483995
K,Lys,AAG,234,38.27,0.612516005
M,Met,ATG,125,20.44,1
F,Phe,TTC,131,21.43,0.471299758
F,Phe,TTT,147,24.04,0.528700242
P,Pro,CCA,63,10.3,0.183600713
P,Pro,CCC,148,24.21,0.431550802
P,Pro,CCG,65,10.63,0.189483066
P,Pro,CCT,67,10.96,0.195365419
S,Ser,AGC,92,15.05,0.199575653
S,Ser,AGT,52,8.51,0.112849755
S,Ser,TCA,78,12.76,0.169208328
S,Ser,TCC,89,14.56,0.193077841
S,Ser,TCG,77,12.59,0.166953985
S,Ser,TCT,73,11.94,0.158334438
T,Thr,ACA,40,6.54,0.098985924
T,Thr,ACC,197,32.22,0.487664598
T,Thr,ACG,82,13.41,0.202966551
T,Thr,ACT,85,13.9,0.210382927
W,Trp,TGG,137,22.41,1
Y,Tyr,TAC,166,27.15,0.790393013
Y,Tyr,TAT,44,7.2,0.209606987
V,Val,GTA,29,4.74,0.069511659
V,Val,GTC,122,19.95,0.292564892
V,Val,GTG,220,35.98,0.527643349
V,Val,GTT,46,7.52,0.1102801