Single Letter,Amino Acid,Codon,Count,Frequency,Ratio
A,Ala,GCA,4467,10.6,0.084053062
A,Ala,GCC,22960,54.6,0.43202559
A,Ala,GCG,18688,44.4,0.351641735
A,Ala,GCT,7030,16.7,0.132279612
C,Cys,TGC,5498,13.1,0.901459256
C,Cys,TGT,601,1.4,0.098540744
D,Asp,GAC,17519,41.7,0.86198583
D,Asp,GAT,2805,6.7,0.13801417
E,Glu,GAA,1172,2.8,0.049539268
E,Glu,GAG,22486,53.5,0.950460732
F,Phe,TTC,11411,27.1,0.843946454
F,Phe,TTT,2110,5,0.156053546
G,Gly,GGA,2084,5,0.057538861
G,Gly,GGC,26064,62,0.719622298
G,Gly,GGG,4087,9.7,0.112841326
G,Gly,GGT,3984,9.5,0.109997515
H,His,CAC,7252,17.2,0.887529066
H,His,CAT,919,2.2,0.112470934
I,Ile,ATA,443,1.1,0.029527428
I,Ile,ATC,11200,26.6,0.746517363
I,Ile,ATT,3360,8,0.223955209
K,Lys,AAA,1028,2.4,0.053430353
K,Lys,AAG,18212,43.3,0.946569647
L,Leu,CTA,1086,2.6,0.028749173
L,Leu,CTC,5480,13,0.14506949
L,Leu,CTG,27420,65.2,0.725876903
L,Leu,CTT,1869,4.4,0.049477167
L,Leu,TTA,247,0.6,0.006538716
L,Leu,TTG,1673,4,0.044288551
M,Met,ATG,10796,25.7,1
N,Asn,AAC,11977,28.5,0.911908025
N,Asn,AAT,1157,2.8,0.088091975
P,Pro,CCA,2124,5.1,0.079750685
P,Pro,CCC,12409,29.5,0.465925731
P,Pro,CCG,8684,20.7,0.326061653
P,Pro,CCT,3416,8.1,0.128261931
Q,Gln,CAA,1780,4.2,0.104319287
Q,Gln,CAG,15283,36.3,0.895680713
R,Arg,AGA,287,0.7,0.012091338
R,Arg,AGG,1150,2.7,0.048449612
R,Arg,CGA,841,2,0.035431412
R,Arg,CGC,14676,34.9,0.618301314
R,Arg,CGG,4711,11.2,0.19847489
R,Arg,CGT,2071,4.9,0.087251432
S,Ser,AGC,9590,22.8,0.347917574
S,Ser,AGT,1089,2.6,0.039508054
S,Ser,TCA,1348,3.2,0.048904368
S,Ser,TCC,6782,16.1,0.246045567
S,Ser,TCG,6763,16.1,0.245356262
S,Ser,TCT,1992,4.7,0.072268176
T,Thr,ACA,1713,4.1,0.077054563
T,Thr,ACC,11663,27.7,0.524627772
T,Thr,ACG,6684,15.9,0.300661239
T,Thr,ACT,2171,5.2,0.097656426
V,Val,GTA,857,2,0.029481578
V,Val,GTC,6496,15.4,0.2234683
V,Val,GTG,19558,46.5,0.672812962
V,Val,GTT,2158,5.1,0.07423716
W,Trp,TGG,5559,13.2,1
X,Stop,TAA,441,1,0.518213866
X,Stop,TAG,183,0.4,0.215041128
X,Stop,TGA,227,0.5,0.266745006
Y,Tyr,TAC,9579,22.8,0.898255814
Y,Tyr,TAT,1085,2.6,0.101744186
*,Stop,TAA,441,1,0.518213866
*,Stop,TAG,183,0.4,0.215041128
*,Stop,TGA,227,0.5,0.266745006