Single Letter,Amino Acid,Codon,Count,Frequency,Ratio
A,Ala,GCA,280181,12.8,0.170797187
A,Ala,GCC,736394,33.6,0.448902758
A,Ala,GCG,307977,14,0.187741514
A,Ala,GCT,315879,14.4,0.192558541
C,Cys,TGC,288853,13.2,0.709815428
C,Cys,TGT,118088,5.4,0.290184572
D,Asp,GAC,540386,24.6,0.47190503
D,Asp,GAT,604730,27.6,0.52809497
E,Glu,GAA,462468,21.1,0.331259446
E,Glu,GAG,933622,42.5,0.668740554
F,Phe,TTC,479372,21.8,0.623137239
F,Phe,TTT,289916,13.2,0.376862761
G,Gly,GGA,395377,18,0.287283235
G,Gly,GGC,587016,26.7,0.426529251
G,Gly,GGG,102708,4.7,0.074628232
G,Gly,GGT,291161,13.3,0.211559282
H,His,CAC,354699,16.2,0.600411335
H,His,CAT,236061,10.8,0.399588665
I,Ile,ATA,208315,9.5,0.193847574
I,Ile,ATC,502821,22.9,0.467900204
I,Ile,ATT,363497,16.6,0.338252222
K,Lys,AAA,372524,17,0.300547647
K,Lys,AAG,866960,39.5,0.699452353
L,Leu,CTA,180360,8.2,0.091517854
L,Leu,CTC,303153,13.8,0.153825194
L,Leu,CTG,839127,38.2,0.42578788
L,Leu,CTT,196787,9,0.099853204
L,Leu,TTA,97715,4.5,0.049582319
L,Leu,TTG,353621,16.1,0.179433549
M,Met,ATG,518200,23.6,1
N,Asn,AAC,575297,26.2,0.555324209
N,Asn,AAT,460669,21,0.444675791
P,Pro,CCA,297071,13.5,0.249157721
P,Pro,CCC,396168,18.1,0.3322718
P,Pro,CCG,347206,15.8,0.291206667
P,Pro,CCT,151856,6.9,0.127363812
Q,Gln,CAA,342415,15.6,0.301668088
Q,Gln,CAG,792657,36.1,0.698331912
R,Arg,AGA,112784,5.1,0.093700879
R,Arg,AGG,137902,6.3,0.114568898
R,Arg,CGA,185119,8.4,0.153796753
R,Arg,CGC,395106,18,0.328253826
R,Arg,CGG,180473,8.2,0.149936859
R,Arg,CGT,192276,8.8,0.159742785
S,Ser,AGC,447808,20.4,0.24594781
S,Ser,AGT,252555,11.5,0.13870978
S,Ser,TCA,171695,7.8,0.094299363
S,Ser,TCC,429341,19.6,0.235805253
S,Ser,TCG,365159,16.6,0.200554828
S,Ser,TCT,154186,7,0.084682965
T,Thr,ACA,241893,11,0.196060044
T,Thr,ACC,467509,21.3,0.378927191
T,Thr,ACG,315479,14.4,0.255703251
T,Thr,ACT,208889,9.5,0.169309515
V,Val,GTA,139476,6.4,0.107711959
V,Val,GTC,304893,13.9,0.235457156
V,Val,GTG,609794,27.8,0.470920489
V,Val,GTT,240735,11,0.185910396
W,Trp,TGG,217518,9.9,1
X,Stop,TAA,17807,0.8,0.414733557
X,Stop,TAG,14362,0.7,0.334497857
X,Stop,TGA,10767,0.5,0.250768586
Y,Tyr,TAC,403675,18.4,0.630263581
Y,Tyr,TAT,236811,10.8,0.369736419
*,Stop,TAA,17807,0.8,0.414733557
*,Stop,TAG,14362,0.7,0.334497857
*,Stop,TGA,10767,0.5,0.250768586