Single Letter,Amino Acid,Codon,Count,Frequency,Ratio
A,Ala,GCA,10577,21.4,0.30283162
A,Ala,GCC,8026,16.2,0.229793569
A,Ala,GCG,3123,6.3,0.089415066
A,Ala,GCT,13201,26.7,0.377959745
C,Cys,TGC,3980,8,0.499059561
C,Cys,TGT,3995,8.1,0.500940439
D,Asp,GAC,10097,20.4,0.386310594
D,Asp,GAT,16040,32.4,0.613689406
E,Glu,GAA,16438,33.2,0.500182571
E,Glu,GAG,16426,33.2,0.499817429
F,Phe,TTC,10487,21.2,0.499857007
F,Phe,TTT,10493,21.2,0.500142993
G,Gly,GGA,11022,22.3,0.319886232
G,Gly,GGC,6650,13.4,0.192999768
G,Gly,GGG,6431,13,0.186643836
G,Gly,GGT,10353,20.9,0.300470165
H,His,CAC,5759,11.6,0.453857672
H,His,CAT,6930,14,0.546142328
I,Ile,ATA,6386,12.9,0.237680512
I,Ile,ATC,8071,16.3,0.300394521
I,Ile,ATT,12411,25.1,0.461924967
K,Lys,AAA,13334,26.9,0.428319039
K,Lys,AAG,17797,35.9,0.571680961
L,Leu,CTA,4216,8.5,0.090253249
L,Leu,CTC,8479,17.1,0.181512641
L,Leu,CTG,6304,12.7,0.134951727
L,Leu,CTT,11829,23.9,0.253227153
L,Leu,TTA,4545,9.2,0.097296256
L,Leu,TTG,11340,22.9,0.242758975
M,Met,ATG,11218,22.7,1
N,Asn,AAC,11284,22.8,0.504380476
N,Asn,AAT,11088,22.4,0.495619524
P,Pro,CCA,9461,19.1,0.361921885
P,Pro,CCC,5010,10.1,0.191652959
P,Pro,CCG,2312,4.7,0.088443441
P,Pro,CCT,9358,18.9,0.357981715
Q,Gln,CAA,10162,20.5,0.558351648
Q,Gln,CAG,8038,16.2,0.441648352
R,Arg,AGA,7337,14.8,0.307979683
R,Arg,AGG,6574,13.3,0.275951811
R,Arg,CGA,2018,4.1,0.084708055
R,Arg,CGC,3093,6.2,0.129832515
R,Arg,CGG,1510,3.1,0.063384125
R,Arg,CGT,3291,6.6,0.138143811
S,Ser,AGC,5594,11.3,0.149348569
S,Ser,AGT,6237,12.6,0.166515378
S,Ser,TCA,7712,15.6,0.205894917
S,Ser,TCC,6409,12.9,0.171107433
S,Ser,TCG,2397,4.8,0.063995088
S,Ser,TCT,9107,18.4,0.243138616
T,Thr,ACA,7391,14.9,0.294134034
T,Thr,ACC,7100,14.3,0.282553327
T,Thr,ACG,2147,4.3,0.085442534
T,Thr,ACT,8490,17.1,0.337870105
V,Val,GTA,3803,7.7,0.114486122
V,Val,GTC,5894,11.9,0.177433921
V,Val,GTG,10610,21.4,0.319405142
V,Val,GTT,12911,26.1,0.388674815
W,Trp,TGG,6412,13,1
X,Stop,TAA,463,0.9,0.383913765
X,Stop,TAG,263,0.5,0.218076285
X,Stop,TGA,480,1,0.39800995
Y,Tyr,TAC,7367,14.9,0.486399049
Y,Tyr,TAT,7779,15.7,0.513600951
*,Stop,TAA,463,0.9,0.383913765
*,Stop,TAG,263,0.5,0.218076285
*,Stop,TGA,480,1,0.39800995