Single Letter,Amino Acid,Codon,Value 1,Value 2,Ratio
A,Ala,GCA,643471,15.82,0.228052472
A,Ala,GCC,1127679,27.73,0.399740522
A,Ala,GCG,299495,7.37,0.106241891
A,Ala,GCT,750096,18.45,0.265965115
R,Arg,AGA,494682,12.17,0.214714185
R,Arg,AGG,486463,11.96,0.211009174
R,Arg,CGA,250760,6.17,0.10885674
R,Arg,CGC,423516,10.42,0.183839097
R,Arg,CGG,464485,11.42,0.201482004
R,Arg,CGT,184609,4.54,0.0800988
N,Asn,AAC,776603,19.1,0.529672768
N,Asn,AAT,689701,16.96,0.470327232
D,Asp,GAC,1020595,25.1,0.535409556
D,Asp,GAT,885429,21.78,0.464590444
C,Cys,TGC,513028,12.62,0.543965517
C,Cys,TGT,430311,10.58,0.456034483
X,X,TAA,40285,0.99,0.296407186
X,X,TAG,32109,0.79,0.236526946
X,X,TGA,63237,1.56,0.467065868
*,*,TAA,40285,0.99,0.296407186
*,*,TAG,32109,0.79,0.236526946
*,*,TGA,63237,1.56,0.467065868
Q,Gln,CAA,501911,12.34,0.264977454
Q,Gln,CAG,1391973,34.23,0.735022546
E,Glu,GAA,1177632,28.96,0.422465354
E,Glu,GAG,1609975,39.59,0.577534646
G,Gly,GGA,669873,16.47,0.249886208
G,Gly,GGC,903565,22.22,0.337126384
G,Gly,GGG,669768,16.47,0.249886208
G,Gly,GGT,437126,10.75,0.163101199
H,His,CAC,613713,15.09,0.58150289
H,His,CAT,441711,10.86,0.41849711
I,Ile,ATA,304565,7.49,0.169036335
I,Ile,ATC,846466,20.82,0.469871361
I,Ile,ATT,650473,16,0.361092304
L,Leu,CTA,290751,7.15,0.071378656
L,Leu,CTC,796638,19.59,0.195567535
L,Leu,CTG,1611801,39.64,0.395727264
L,Leu,CTT,536515,13.19,0.131676151
L,Leu,TTA,311881,7.67,0.076569831
L,Leu,TTG,525688,12.93,0.129080563
K,Lys,AAA,993621,24.44,0.43410302
K,Lys,AAG,1295568,31.86,0.56589698
M,Met,ATG,896005,22.04,1
F,Phe,TTC,824692,20.28,0.535799207
F,Phe,TTT,714298,17.57,0.464200793
P,Pro,CCA,688038,16.92,0.276606179
P,Pro,CCC,804620,19.79,0.323524604
P,Pro,CCG,281570,6.92,0.11312735
P,Pro,CCT,713233,17.54,0.286741867
S,Ser,AGC,791383,19.46,0.239921095
S,Ser,AGT,493429,12.13,0.149549994
S,Ser,TCA,496448,12.21,0.150536309
S,Ser,TCC,718892,17.68,0.217975589
S,Ser,TCG,179419,4.41,0.054370608
S,Ser,TCT,618711,15.22,0.187646406
T,Thr,ACA,614523,15.11,0.28418281
T,Thr,ACC,768147,18.89,0.355275531
T,Thr,ACG,246105,6.05,0.11378597
T,Thr,ACT,533609,13.12,0.246755689
W,Trp,TGG,535595,13.17,1
Y,Tyr,TAC,622407,15.31,0.556727273
Y,Tyr,TAT,495699,12.19,0.443272727
V,Val,GTA,287712,7.08,0.116658428
V,Val,GTC,588138,14.46,0.23826001
V,Val,GTG,1143534,28.12,0.463338276
V,Val,GTT,448607,11.03,0.181743286