Single Letter,Amino Acid,Codon,Count,Frequency,Ratio
A,Ala,GCA,388723,15.8,0.232098652
A,Ala,GCC,637878,26,0.38086407
A,Ala,GCG,157124,6.4,0.093815567
A,Ala,GCT,491093,20,0.293221711
C,Cys,TGC,301384,12.3,0.518632349
C,Cys,TGT,279729,11.4,0.481367651
D,Asp,GAC,638504,26,0.553510762
D,Asp,GAT,515049,21,0.446489238
E,Glu,GAA,661498,27,0.406460124
E,Glu,GAG,965963,39.4,0.593539876
F,Phe,TTC,535439,21.8,0.559151497
F,Phe,TTT,422153,17.2,0.440848503
G,Gly,GGA,411344,16.8,0.259681295
G,Gly,GGC,520069,21.2,0.328319342
G,Gly,GGG,372099,15.2,0.234905943
G,Gly,GGT,280522,11.4,0.177093421
H,His,CAC,375626,15.3,0.59036279
H,His,CAT,260637,10.6,0.40963721
I,Ile,ATA,180467,7.4,0.162531781
I,Ile,ATC,552184,22.5,0.497306703
I,Ile,ATT,377698,15.4,0.340161517
K,Lys,AAA,537723,21.9,0.394516333
K,Lys,AAG,825270,33.6,0.605483667
L,Leu,CTA,198032,8.1,0.079622378
L,Leu,CTC,495018,20.2,0.199031016
L,Leu,CTG,969515,39.5,0.389811189
L,Leu,CTT,329757,13.4,0.132584816
L,Leu,TTA,165150,6.7,0.06640157
L,Leu,TTG,329668,13.4,0.132549032
M,Met,ATG,559953,22.8,1
N,Asn,AAC,499149,20.3,0.566292617
N,Asn,AAT,382284,15.6,0.433707383
P,Pro,CCA,423707,17.3,0.287701165
P,Pro,CCC,446868,18.2,0.303427709
P,Pro,CCG,151521,6.2,0.10288423
P,Pro,CCT,450637,18.4,0.305986896
Q,Gln,CAA,293318,12,0.259656633
Q,Gln,CAG,836320,34.1,0.740343367
R,Arg,AGA,297135,12.1,0.219536199
R,Arg,AGG,299472,12.2,0.221262875
R,Arg,CGA,161412,6.6,0.119258172
R,Arg,CGC,229758,9.4,0.169755155
R,Arg,CGG,250836,10.2,0.185328493
R,Arg,CGT,114854,4.7,0.084859106
S,Ser,AGC,483013,19.7,0.237908257
S,Ser,AGT,311331,12.7,0.153346215
S,Ser,TCA,289799,11.8,0.14274062
S,Ser,TCC,444041,18.1,0.218712582
S,Ser,TCG,103815,4.2,0.051134122
S,Ser,TCT,398250,16.2,0.196158205
T,Thr,ACA,391437,16,0.294364218
T,Thr,ACC,465115,19,0.34977075
T,Thr,ACG,138180,5.6,0.103912629
T,Thr,ACT,335039,13.7,0.251952404
V,Val,GTA,182733,7.4,0.120272252
V,Val,GTC,377902,15.4,0.248729702
V,Val,GTG,696158,28.4,0.458201257
V,Val,GTT,262535,10.7,0.172796789
W,Trp,TGG,306619,12.5,1
X,Stop,TAA,23403,1,0.283065423
X,Stop,TAG,19126,0.8,0.231333986
X,Stop,TGA,40148,1.6,0.48560059
Y,Tyr,TAC,394074,16.1,0.568984337
Y,Tyr,TAT,298518,12.2,0.431015663
*,Stop,TAA,23403,1,0.283065423
*,Stop,TAG,19126,0.8,0.231333986
*,Stop,TGA,40148,1.6,0.48560059