Single Letter,Amino Acid,Codon,Count,Frequency,Ratio
A,Ala,GCA,23842,29.8,0.46748103
A,Ala,GCC,3537,4.4,0.069351581
A,Ala,GCG,7482,9.4,0.146703006
A,Ala,GCT,16140,20.2,0.316464383
C,Cys,TGC,1036,1.3,0.201047933
C,Cys,TGT,4117,5.1,0.798952067
D,Asp,GAC,10032,12.5,0.216477493
D,Asp,GAT,36310,45.4,0.783522507
E,Glu,GAA,43409,54.3,0.837817494
E,Glu,GAG,8403,10.5,0.162182506
F,Phe,TTC,9667,12.1,0.26815534
F,Phe,TTT,26383,33,0.73184466
G,Gly,GGA,11261,14.1,0.234516223
G,Gly,GGC,7406,9.3,0.154233829
G,Gly,GGG,3490,4.4,0.072681078
G,Gly,GGT,25861,32.3,0.53856887
H,His,CAC,3608,4.5,0.19682505
H,His,CAT,14723,18.4,0.80317495
I,Ile,ATA,15171,19,0.219926937
I,Ile,ATC,11856,14.8,0.171870923
I,Ile,ATT,41955,52.4,0.60820214
K,Lys,AAA,48792,61,0.810942876
K,Lys,AAG,11375,14.2,0.189057124
L,Leu,CTA,6886,8.6,0.094181689
L,Leu,CTC,1608,2,0.021993052
L,Leu,CTG,1923,2.4,0.026301392
L,Leu,CTT,8630,10.8,0.11803485
L,Leu,TTA,43162,53.9,0.590338376
L,Leu,TTG,10905,13.6,0.149150641
M,Met,ATG,20787,26,1
N,Asn,AAC,10889,13.6,0.240115548
N,Asn,AAT,34460,43.1,0.759884452
P,Pro,CCA,12994,16.2,0.507360119
P,Pro,CCC,813,1,0.031744172
P,Pro,CCG,3232,4,0.126195775
P,Pro,CCT,8572,10.7,0.334699934
Q,Gln,CAA,28860,36.1,0.877390326
Q,Gln,CAG,4033,5,0.122609674
R,Arg,AGA,9362,11.7,0.335195131
R,Arg,AGG,1190,1.5,0.042606516
R,Arg,CGA,3930,4.9,0.140708915
R,Arg,CGC,2526,3.2,0.090440387
R,Arg,CGG,383,0.5,0.013712854
R,Arg,CGT,10539,13.2,0.377336198
S,Ser,AGC,4160,5.2,0.085473598
S,Ser,AGT,13362,16.7,0.27454284
S,Ser,TCA,16219,20.3,0.333244298
S,Ser,TCC,1357,1.7,0.027881652
S,Ser,TCG,3176,4,0.065255804
S,Ser,TCT,10396,13,0.213601808
T,Thr,ACA,23086,28.9,0.499372702
T,Thr,ACC,2145,2.7,0.046398443
T,Thr,ACG,7601,9.5,0.164417045
T,Thr,ACT,13398,16.7,0.289811811
V,Val,GTA,18116,22.6,0.339009693
V,Val,GTC,5892,7.4,0.110258617
V,Val,GTG,7614,9.5,0.142482877
V,Val,GTT,21816,27.3,0.408248812
W,Trp,TGG,6041,7.6,1
X,Stop,TAA,2072,2.6,0.716211545
X,Stop,TAG,453,0.6,0.15658486
X,Stop,TGA,368,0.5,0.127203595
Y,Tyr,TAC,6834,8.5,0.21864602
Y,Tyr,TAT,24422,30.5,0.78135398
*,Stop,TAA,2072,2.6,0.716211545
*,Stop,TAG,453,0.6,0.15658486
*,Stop,TGA,368,0.5,0.127203595